,fn,Ar_n,loc_n,E_HOMO,E_LUMO,m,h,s,w,QN,f1,f0,f_1,Df,local_S_f0,maxC-C,C-H,midC-C,aveB,BV_3A,BV_4A,BV_5A,NICS_0,NICS_1,NICS_0_ZZ,NICS_1_ZZ
0,X4t-1,X4t,1,-0.230064,-0.059693,-0.144878,0.085186,11.739087,0.1232,0.18925,0.23133,-0.0914,-0.41414,0.64547,-1.07301,1.5153,0.9172,1.2715,1.2347,0.5462,0.3728,0.2756,-7.5688,-10.4705,-12.4745,-28.0593
1,X4t-3,X4t,3,-0.230064,-0.059693,-0.144878,0.085186,11.739087,0.1232,0.03898,-0.0098,-0.069,-0.12821,0.11841,-0.81006,1.5054,0.9207,1.3172,1.2478,0.6311,0.4562,0.3288,-7.5688,-10.4705,-12.4745,-28.0593
